{
    "name": "root",
    "metadata": {
        "timer_format_version": "0.1.0",
        "start_time_seconds": "1606777828",
        "python_version": "3.7.9 (tags/v3.7.9:13c94747c7, Aug 17 2020, 18:58:18) [MSC v.1900 64 bit (AMD64)]",
        "command_line_arguments": "C:\\Users\\wende\\AppData\\Local\\Programs\\Python\\Python37\\Scripts\\mlagents-learn trainer_config.yaml --run-id=JumperAI_2 --resume",
        "mlagents_version": "0.22.0",
        "mlagents_envs_version": "0.22.0",
        "communication_protocol_version": "1.2.0",
        "pytorch_version": "1.7.0",
        "numpy_version": "1.18.5",
        "end_time_seconds": "1606778276"
    },
    "total": 448.34746049999995,
    "count": 1,
    "self": 0.3232431999999221,
    "children": {
        "run_training.setup": {
            "total": 0.02248530000000004,
            "count": 1,
            "self": 0.02248530000000004
        },
        "TrainerController.start_learning": {
            "total": 448.001732,
            "count": 1,
            "self": 1.3298878999974022,
            "children": {
                "TrainerController._reset_env": {
                    "total": 10.4130848,
                    "count": 1,
                    "self": 10.4130848
                },
                "TrainerController.advance": {
                    "total": 435.8727108000026,
                    "count": 40228,
                    "self": 0.6623724000049833,
                    "children": {
                        "env_step": {
                            "total": 435.2103383999976,
                            "count": 40228,
                            "self": 304.6095979999998,
                            "children": {
                                "SubprocessEnvManager._take_step": {
                                    "total": 129.96659850000123,
                                    "count": 40228,
                                    "self": 2.937351800000357,
                                    "children": {
                                        "TorchPolicy.evaluate": {
                                            "total": 127.02924670000087,
                                            "count": 40223,
                                            "self": 36.83731000000142,
                                            "children": {
                                                "TorchPolicy.sample_actions": {
                                                    "total": 90.19193669999945,
                                                    "count": 40223,
                                                    "self": 90.19193669999945
                                                }
                                            }
                                        }
                                    }
                                },
                                "workers": {
                                    "total": 0.6341418999965818,
                                    "count": 40227,
                                    "self": 0.0,
                                    "children": {
                                        "worker_root": {
                                            "total": 438.1935856000011,
                                            "count": 40227,
                                            "is_parallel": true,
                                            "self": 175.22708540000184,
                                            "children": {
                                                "steps_from_proto": {
                                                    "total": 0.0005023000000008437,
                                                    "count": 1,
                                                    "is_parallel": true,
                                                    "self": 0.00021090000000256737,
                                                    "children": {
                                                        "_process_vector_observation": {
                                                            "total": 0.00029139999999827637,
                                                            "count": 2,
                                                            "is_parallel": true,
                                                            "self": 0.00029139999999827637
                                                        }
                                                    }
                                                },
                                                "UnityEnvironment.step": {
                                                    "total": 262.96599789999925,
                                                    "count": 40227,
                                                    "is_parallel": true,
                                                    "self": 3.90018710000453,
                                                    "children": {
                                                        "UnityEnvironment._generate_step_input": {
                                                            "total": 2.9078767999999666,
                                                            "count": 40227,
                                                            "is_parallel": true,
                                                            "self": 2.9078767999999666
                                                        },
                                                        "communicator.exchange": {
                                                            "total": 245.13440110000045,
                                                            "count": 40227,
                                                            "is_parallel": true,
                                                            "self": 245.13440110000045
                                                        },
                                                        "steps_from_proto": {
                                                            "total": 11.023532899994308,
                                                            "count": 40227,
                                                            "is_parallel": true,
                                                            "self": 6.300919699997767,
                                                            "children": {
                                                                "_process_vector_observation": {
                                                                    "total": 4.722613199996541,
                                                                    "count": 80454,
                                                                    "is_parallel": true,
                                                                    "self": 4.722613199996541
                                                                }
                                                            }
                                                        }
                                                    }
                                                }
                                            }
                                        }
                                    }
                                }
                            }
                        }
                    }
                },
                "trainer_threads": {
                    "total": 2.5600000014947e-05,
                    "count": 1,
                    "self": 2.5600000014947e-05,
                    "children": {
                        "thread_root": {
                            "total": 0.0,
                            "count": 0,
                            "is_parallel": true,
                            "self": 0.0,
                            "children": {
                                "trainer_advance": {
                                    "total": 436.5882070999977,