{
    "name": "root",
    "metadata": {
        "timer_format_version": "0.1.0",
        "start_time_seconds": "1606773178",
        "python_version": "3.7.9 (tags/v3.7.9:13c94747c7, Aug 17 2020, 18:58:18) [MSC v.1900 64 bit (AMD64)]",
        "command_line_arguments": "C:\\Users\\wende\\AppData\\Local\\Programs\\Python\\Python37\\Scripts\\mlagents-learn trainer_config.yaml --run-id=JumperAI_1",
        "mlagents_version": "0.22.0",
        "mlagents_envs_version": "0.22.0",
        "communication_protocol_version": "1.2.0",
        "pytorch_version": "1.7.0",
        "numpy_version": "1.18.5",
        "end_time_seconds": "1606773278"
    },
    "total": 99.821539,
    "count": 1,
    "self": 0.3704362999999944,
    "children": {
        "run_training.setup": {
            "total": 0.0678087000000005,
            "count": 1,
            "self": 0.0678087000000005
        },
        "TrainerController.start_learning": {
            "total": 99.383294,
            "count": 1,
            "self": 0.2330345000005991,
            "children": {
                "TrainerController._reset_env": {
                    "total": 28.8766953,
                    "count": 1,
                    "self": 28.8766953
                },
                "TrainerController.advance": {
                    "total": 69.89963489999938,
                    "count": 7136,
                    "self": 0.11419419999889158,
                    "children": {
                        "env_step": {
                            "total": 69.78544070000049,
                            "count": 7136,
                            "self": 47.61349069999965,
                            "children": {
                                "SubprocessEnvManager._take_step": {
                                    "total": 22.063445700000372,
                                    "count": 7136,
                                    "self": 0.4839559000002467,
                                    "children": {
                                        "TorchPolicy.evaluate": {
                                            "total": 21.579489800000125,
                                            "count": 6943,
                                            "self": 6.029367500000092,
                                            "children": {
                                                "TorchPolicy.sample_actions": {
                                                    "total": 15.550122300000034,
                                                    "count": 6943,
                                                    "self": 15.550122300000034
                                                }
                                            }
                                        }
                                    }
                                },
                                "workers": {
                                    "total": 0.10850430000046885,
                                    "count": 7135,
                                    "self": 0.0,
                                    "children": {
                                        "worker_root": {
                                            "total": 84.30837430000021,
                                            "count": 7135,
                                            "is_parallel": true,
                                            "self": 43.79608120000009,
                                            "children": {
                                                "steps_from_proto": {
                                                    "total": 0.005311300000000685,
                                                    "count": 1,
                                                    "is_parallel": true,
                                                    "self": 0.001960800000000873,
                                                    "children": {
                                                        "_process_vector_observation": {
                                                            "total": 0.003350499999999812,
                                                            "count": 2,
                                                            "is_parallel": true,
                                                            "self": 0.003350499999999812
                                                        }
                                                    }
                                                },
                                                "UnityEnvironment.step": {
                                                    "total": 40.50698180000012,
                                                    "count": 7135,
                                                    "is_parallel": true,
                                                    "self": 0.6500332000001094,
                                                    "children": {
                                                        "UnityEnvironment._generate_step_input": {
                                                            "total": 0.4965314000005705,
                                                            "count": 7135,
                                                            "is_parallel": true,
                                                            "self": 0.4965314000005705
                                                        },
                                                        "communicator.exchange": {
                                                            "total": 37.464478999999365,
                                                            "count": 7135,
                                                            "is_parallel": true,
                                                            "self": 37.464478999999365
                                                        },
                                                        "steps_from_proto": {
                                                            "total": 1.8959382000000709,
                                                            "count": 7135,
                                                            "is_parallel": true,
                                                            "self": 1.0916247999993836,
                                                            "children": {
                                                                "_process_vector_observation": {
                                                                    "total": 0.8043134000006873,
                                                                    "count": 14270,
                                                                    "is_parallel": true,
                                                                    "self": 0.8043134000006873
                                                                }
                                                            }
                                                        }
                                                    }
                                                }
                                            }
                                        }
                                    }
                                }
                            }
                        }
                    }
                },
                "trainer_threads": {
                    "total": 2.1700000004898357e-05,
                    "count": 1,
                    "self": 2.1700000004898357e-05,
                    "children": {
                        "thread_root": {
                            "total": 0.0,
                            "count": 0,
                            "is_parallel": true,
                            "self": 0.0,
                            "children": {
                                "trainer_advance": {
                                    "total": 70.02697770000012,