{
    "name": "root",
    "metadata": {
        "timer_format_version": "0.1.0",
        "start_time_seconds": "1606585843",
        "python_version": "3.7.9 (tags/v3.7.9:13c94747c7, Aug 17 2020, 18:58:18) [MSC v.1900 64 bit (AMD64)]",
        "command_line_arguments": "C:\\Users\\wende\\AppData\\Local\\Programs\\Python\\Python37\\Scripts\\mlagents-learn trainer_config.yaml --run-id=JumperAI_4",
        "mlagents_version": "0.22.0",
        "mlagents_envs_version": "0.22.0",
        "communication_protocol_version": "1.2.0",
        "pytorch_version": "1.7.0",
        "numpy_version": "1.19.0",
        "end_time_seconds": "1606585861"
    },
    "total": 17.4784178,
    "count": 1,
    "self": 0.018553999999998183,
    "children": {
        "run_training.setup": {
            "total": 0.033955700000000144,
            "count": 1,
            "self": 0.033955700000000144
        },
        "TrainerController.start_learning": {
            "total": 17.4259081,
            "count": 1,
            "self": 0.02088790000000884,
            "children": {
                "TrainerController._reset_env": {
                    "total": 8.5689472,
                    "count": 1,
                    "self": 8.5689472
                },
                "TrainerController.advance": {
                    "total": 8.575350099999993,
                    "count": 447,
                    "self": 0.00708590000002296,
                    "children": {
                        "env_step": {
                            "total": 8.56826419999997,
                            "count": 447,
                            "self": 6.897134799999977,
                            "children": {
                                "SubprocessEnvManager._take_step": {
                                    "total": 1.6646097999999956,
                                    "count": 447,
                                    "self": 0.03091830000000151,
                                    "children": {
                                        "TorchPolicy.evaluate": {
                                            "total": 1.633691499999994,
                                            "count": 430,
                                            "self": 0.37357329999999145,
                                            "children": {
                                                "TorchPolicy.sample_actions": {
                                                    "total": 1.2601182000000026,
                                                    "count": 430,
                                                    "self": 1.2601182000000026
                                                }
                                            }
                                        }
                                    }
                                },
                                "workers": {
                                    "total": 0.006519599999997183,
                                    "count": 446,
                                    "self": 0.0,
                                    "children": {
                                        "worker_root": {
                                            "total": 10.475027400000004,
                                            "count": 446,
                                            "is_parallel": true,
                                            "self": 4.124352800000002,
                                            "children": {
                                                "steps_from_proto": {
                                                    "total": 0.0007061999999997681,
                                                    "count": 1,
                                                    "is_parallel": true,
                                                    "self": 0.00025650000000077,
                                                    "children": {
                                                        "_process_vector_observation": {
                                                            "total": 0.0004496999999989981,
                                                            "count": 8,
                                                            "is_parallel": true,
                                                            "self": 0.0004496999999989981
                                                        }
                                                    }
                                                },
                                                "UnityEnvironment.step": {
                                                    "total": 6.349968400000002,
                                                    "count": 446,
                                                    "is_parallel": true,
                                                    "self": 0.04332399999999659,
                                                    "children": {
                                                        "UnityEnvironment._generate_step_input": {
                                                            "total": 0.031986600000008636,
                                                            "count": 446,
                                                            "is_parallel": true,
                                                            "self": 0.031986600000008636
                                                        },
                                                        "communicator.exchange": {
                                                            "total": 6.077339500000011,
                                                            "count": 446,
                                                            "is_parallel": true,
                                                            "self": 6.077339500000011
                                                        },
                                                        "steps_from_proto": {
                                                            "total": 0.19731829999998496,
                                                            "count": 446,
                                                            "is_parallel": true,
                                                            "self": 0.08150549999994006,
                                                            "children": {
                                                                "_process_vector_observation": {
                                                                    "total": 0.1158128000000449,
                                                                    "count": 3568,
                                                                    "is_parallel": true,
                                                                    "self": 0.1158128000000449
                                                                }
                                                            }
                                                        }
                                                    }
                                                }
                                            }
                                        }
                                    }
                                }
                            }
                        }
                    }
                },
                "trainer_threads": {
                    "total": 2.7599999999239344e-05,
                    "count": 1,
                    "self": 2.7599999999239344e-05,
                    "children": {
                        "thread_root": {
                            "total": 0.0,
                            "count": 0,
                            "is_parallel": true,
                            "self": 0.0,
                            "children": {
                                "trainer_advance": {
                                    "total": 8.574736900000019,