{
    "name": "root",
    "metadata": {
        "timer_format_version": "0.1.0",
        "start_time_seconds": "1606586050",
        "python_version": "3.7.9 (tags/v3.7.9:13c94747c7, Aug 17 2020, 18:58:18) [MSC v.1900 64 bit (AMD64)]",
        "command_line_arguments": "C:\\Users\\wende\\AppData\\Local\\Programs\\Python\\Python37\\Scripts\\mlagents-learn trainer_config.yaml --run-id=JumperAI_5",
        "mlagents_version": "0.22.0",
        "mlagents_envs_version": "0.22.0",
        "communication_protocol_version": "1.2.0",
        "pytorch_version": "1.7.0",
        "numpy_version": "1.19.0",
        "end_time_seconds": "1606586485"
    },
    "total": 434.92000900000005,
    "count": 1,
    "self": 0.0076389000000745,
    "children": {
        "run_training.setup": {
            "total": 0.011220999999999925,
            "count": 1,
            "self": 0.011220999999999925
        },
        "TrainerController.start_learning": {
            "total": 434.9011491,
            "count": 1,
            "self": 0.7233538999969369,
            "children": {
                "TrainerController._reset_env": {
                    "total": 12.633740000000001,
                    "count": 1,
                    "self": 12.633740000000001
                },
                "TrainerController.advance": {
                    "total": 421.2203099000031,
                    "count": 20247,
                    "self": 0.4197110000015414,
                    "children": {
                        "env_step": {
                            "total": 420.80059890000155,
                            "count": 20247,
                            "self": 350.73671130000497,
                            "children": {
                                "SubprocessEnvManager._take_step": {
                                    "total": 69.72015629999652,
                                    "count": 20247,
                                    "self": 1.67731529999881,
                                    "children": {
                                        "TorchPolicy.evaluate": {
                                            "total": 68.04284099999771,
                                            "count": 19390,
                                            "self": 19.74123219999573,
                                            "children": {
                                                "TorchPolicy.sample_actions": {
                                                    "total": 48.30160880000198,
                                                    "count": 19390,
                                                    "self": 48.30160880000198
                                                }
                                            }
                                        }
                                    }
                                },
                                "workers": {
                                    "total": 0.3437313000000515,
                                    "count": 20246,
                                    "self": 0.0,
                                    "children": {
                                        "worker_root": {
                                            "total": 423.2079270000041,
                                            "count": 20246,
                                            "is_parallel": true,
                                            "self": 97.08060700000573,
                                            "children": {
                                                "steps_from_proto": {
                                                    "total": 0.0006222000000004613,
                                                    "count": 1,
                                                    "is_parallel": true,
                                                    "self": 0.00033870000000035816,
                                                    "children": {
                                                        "_process_vector_observation": {
                                                            "total": 0.0002835000000001031,
                                                            "count": 2,
                                                            "is_parallel": true,
                                                            "self": 0.0002835000000001031
                                                        }
                                                    }
                                                },
                                                "UnityEnvironment.step": {
                                                    "total": 326.12669779999834,
                                                    "count": 20246,
                                                    "is_parallel": true,
                                                    "self": 1.9227498999993031,
                                                    "children": {
                                                        "UnityEnvironment._generate_step_input": {
                                                            "total": 1.4863782000015942,
                                                            "count": 20246,
                                                            "is_parallel": true,
                                                            "self": 1.4863782000015942
                                                        },
                                                        "communicator.exchange": {
                                                            "total": 317.1847805999949,
                                                            "count": 20246,
                                                            "is_parallel": true,
                                                            "self": 317.1847805999949
                                                        },
                                                        "steps_from_proto": {
                                                            "total": 5.532789100002539,
                                                            "count": 20246,
                                                            "is_parallel": true,
                                                            "self": 3.14441940000199,
                                                            "children": {
                                                                "_process_vector_observation": {
                                                                    "total": 2.388369700000549,
                                                                    "count": 40492,
                                                                    "is_parallel": true,
                                                                    "self": 2.388369700000549
                                                                }
                                                            }
                                                        }
                                                    }
                                                }
                                            }
                                        }
                                    }
                                }
                            }
                        }
                    }
                },
                "trainer_threads": {
                    "total": 8.320000000594518e-05,
                    "count": 1,
                    "self": 8.320000000594518e-05,
                    "children": {
                        "thread_root": {
                            "total": 0.0,
                            "count": 0,
                            "is_parallel": true,
                            "self": 0.0,