{
    "name": "root",
    "metadata": {
        "timer_format_version": "0.1.0",
        "start_time_seconds": "1606535724",
        "python_version": "3.7.9 (tags/v3.7.9:13c94747c7, Aug 17 2020, 18:58:18) [MSC v.1900 64 bit (AMD64)]",
        "command_line_arguments": "C:\\Users\\wende\\AppData\\Local\\Programs\\Python\\Python37\\Scripts\\mlagents-learn trainer_config.yaml --run-id=MyFirstAI",
        "mlagents_version": "0.22.0",
        "mlagents_envs_version": "0.22.0",
        "communication_protocol_version": "1.2.0",
        "pytorch_version": "1.7.0",
        "numpy_version": "1.19.0",
        "end_time_seconds": "1606535819"
    },
    "total": 94.87500580000001,
    "count": 1,
    "self": 0.013348700000008762,
    "children": {
        "run_training.setup": {
            "total": 0.07389080000000003,
            "count": 1,
            "self": 0.07389080000000003
        },
        "TrainerController.start_learning": {
            "total": 94.7877663,
            "count": 1,
            "self": 0.10158839999986924,
            "children": {
                "TrainerController._reset_env": {
                    "total": 23.0169597,
                    "count": 1,
                    "self": 23.0169597
                },
                "TrainerController.advance": {
                    "total": 71.36502820000014,
                    "count": 3048,
                    "self": 0.049243600000167476,
                    "children": {
                        "env_step": {
                            "total": 71.31578459999997,
                            "count": 3048,
                            "self": 61.52680280000014,
                            "children": {
                                "SubprocessEnvManager._take_step": {
                                    "total": 9.742811799999739,
                                    "count": 3048,
                                    "self": 0.21389829999968768,
                                    "children": {
                                        "TorchPolicy.evaluate": {
                                            "total": 9.528913500000051,
                                            "count": 2813,
                                            "self": 2.57584449999975,
                                            "children": {
                                                "TorchPolicy.sample_actions": {
                                                    "total": 6.953069000000301,
                                                    "count": 2813,
                                                    "self": 6.953069000000301
                                                }
                                            }
                                        }
                                    }
                                },
                                "workers": {
                                    "total": 0.04617000000008886,
                                    "count": 3047,
                                    "self": 0.0,
                                    "children": {
                                        "worker_root": {
                                            "total": 74.79274700000006,
                                            "count": 3047,
                                            "is_parallel": true,
                                            "self": 16.463887499999913,
                                            "children": {
                                                "steps_from_proto": {
                                                    "total": 0.0007483999999990942,
                                                    "count": 1,
                                                    "is_parallel": true,
                                                    "self": 0.0002817999999997767,
                                                    "children": {
                                                        "_process_vector_observation": {
                                                            "total": 0.00046659999999931756,
                                                            "count": 4,
                                                            "is_parallel": true,
                                                            "self": 0.00046659999999931756
                                                        }
                                                    }
                                                },
                                                "UnityEnvironment.step": {
                                                    "total": 58.32811110000015,
                                                    "count": 3047,
                                                    "is_parallel": true,
                                                    "self": 0.28771960000067764,
                                                    "children": {
                                                        "UnityEnvironment._generate_step_input": {
                                                            "total": 0.21727729999954448,
                                                            "count": 3047,
                                                            "is_parallel": true,
                                                            "self": 0.21727729999954448
                                                        },
                                                        "communicator.exchange": {
                                                            "total": 56.79126410000013,
                                                            "count": 3047,
                                                            "is_parallel": true,
                                                            "self": 56.79126410000013
                                                        },
                                                        "steps_from_proto": {
                                                            "total": 1.0318500999997973,
                                                            "count": 3047,
                                                            "is_parallel": true,
                                                            "self": 0.500291499999701,
                                                            "children": {
                                                                "_process_vector_observation": {
                                                                    "total": 0.5315586000000962,
                                                                    "count": 12188,
                                                                    "is_parallel": true,
                                                                    "self": 0.5315586000000962
                                                                }
                                                            }
                                                        }
                                                    }
                                                }
                                            }
                                        }
                                    }
                                }
                            }
                        }
                    }
                },
                "trainer_threads": {
                    "total": 3.4799999994561404e-05,
                    "count": 1,
                    "self": 3.4799999994561404e-05,
                    "children": {
                        "thread_root": {
                            "total": 0.0,
                            "count": 0,
                            "is_parallel": true,
                            "self": 0.0,
                            "children": {
                                "trainer_advance": {
                                    "total": 71.34129530000068,