{
    "name": "root",
    "metadata": {
        "timer_format_version": "0.1.0",
        "start_time_seconds": "1606537298",
        "python_version": "3.7.9 (tags/v3.7.9:13c94747c7, Aug 17 2020, 18:58:18) [MSC v.1900 64 bit (AMD64)]",
        "command_line_arguments": "C:\\Users\\wende\\AppData\\Local\\Programs\\Python\\Python37\\Scripts\\mlagents-learn trainer_config.yaml --run-id=MyFirstAI2 --resume",
        "mlagents_version": "0.22.0",
        "mlagents_envs_version": "0.22.0",
        "communication_protocol_version": "1.2.0",
        "pytorch_version": "1.7.0",
        "numpy_version": "1.19.0",
        "end_time_seconds": "1606537333"
    },
    "total": 34.5343258,
    "count": 1,
    "self": 0.11331549999999169,
    "children": {
        "run_training.setup": {
            "total": 0.02700619999999998,
            "count": 1,
            "self": 0.02700619999999998
        },
        "TrainerController.start_learning": {
            "total": 34.394004100000004,
            "count": 1,
            "self": 0.04153770000000634,
            "children": {
                "TrainerController._reset_env": {
                    "total": 12.1194281,
                    "count": 1,
                    "self": 12.1194281
                },
                "TrainerController.advance": {
                    "total": 22.039215300000006,
                    "count": 1145,
                    "self": 0.018606699999942578,
                    "children": {
                        "env_step": {
                            "total": 22.020608600000063,
                            "count": 1145,
                            "self": 18.373073700000088,
                            "children": {
                                "SubprocessEnvManager._take_step": {
                                    "total": 3.6304301999999904,
                                    "count": 1145,
                                    "self": 0.08013100000002638,
                                    "children": {
                                        "TorchPolicy.evaluate": {
                                            "total": 3.550299199999964,
                                            "count": 1075,
                                            "self": 0.9475954999999416,
                                            "children": {
                                                "TorchPolicy.sample_actions": {
                                                    "total": 2.6027037000000224,
                                                    "count": 1075,
                                                    "self": 2.6027037000000224
                                                }
                                            }
                                        }
                                    }
                                },
                                "workers": {
                                    "total": 0.017104699999984874,
                                    "count": 1144,
                                    "self": 0.0,
                                    "children": {
                                        "worker_root": {
                                            "total": 24.23441289999992,
                                            "count": 1144,
                                            "is_parallel": true,
                                            "self": 7.043845099999896,
                                            "children": {
                                                "steps_from_proto": {
                                                    "total": 0.0007187999999995753,
                                                    "count": 1,
                                                    "is_parallel": true,
                                                    "self": 0.00032449999999961676,
                                                    "children": {
                                                        "_process_vector_observation": {
                                                            "total": 0.00039429999999995857,
                                                            "count": 4,
                                                            "is_parallel": true,
                                                            "self": 0.00039429999999995857
                                                        }
                                                    }
                                                },
                                                "UnityEnvironment.step": {
                                                    "total": 17.189849000000024,
                                                    "count": 1144,
                                                    "is_parallel": true,
                                                    "self": 0.1096289000001569,
                                                    "children": {
                                                        "UnityEnvironment._generate_step_input": {
                                                            "total": 0.08369569999990034,
                                                            "count": 1144,
                                                            "is_parallel": true,
                                                            "self": 0.08369569999990034
                                                        },
                                                        "communicator.exchange": {
                                                            "total": 16.610222999999984,
                                                            "count": 1144,
                                                            "is_parallel": true,
                                                            "self": 16.610222999999984
                                                        },
                                                        "steps_from_proto": {
                                                            "total": 0.3863013999999829,
                                                            "count": 1144,
                                                            "is_parallel": true,
                                                            "self": 0.18799430000002992,
                                                            "children": {
                                                                "_process_vector_observation": {
                                                                    "total": 0.198307099999953,
                                                                    "count": 4576,
                                                                    "is_parallel": true,
                                                                    "self": 0.198307099999953
                                                                }
                                                            }
                                                        }
                                                    }
                                                }
                                            }
                                        }
                                    }
                                }
                            }
                        }
                    }
                },
                "trainer_threads": {
                    "total": 1.9199999996999395e-05,
                    "count": 1,
                    "self": 1.9199999996999395e-05,
                    "children": {
                        "thread_root": {
                            "total": 0.0,
                            "count": 0,
                            "is_parallel": true,
                            "self": 0.0,