{
    "name": "root",
    "metadata": {
        "timer_format_version": "0.1.0",
        "start_time_seconds": "1606585763",
        "python_version": "3.7.9 (tags/v3.7.9:13c94747c7, Aug 17 2020, 18:58:18) [MSC v.1900 64 bit (AMD64)]",
        "command_line_arguments": "C:\\Users\\wende\\AppData\\Local\\Programs\\Python\\Python37\\Scripts\\mlagents-learn trainer_config.yaml --run-id=JumperAI_3",
        "mlagents_version": "0.22.0",
        "mlagents_envs_version": "0.22.0",
        "communication_protocol_version": "1.2.0",
        "pytorch_version": "1.7.0",
        "numpy_version": "1.19.0",
        "end_time_seconds": "1606585790"
    },
    "total": 26.284421499999997,
    "count": 1,
    "self": 0.006349199999995392,
    "children": {
        "run_training.setup": {
            "total": 0.012153900000000162,
            "count": 1,
            "self": 0.012153900000000162
        },
        "TrainerController.start_learning": {
            "total": 26.2659184,
            "count": 1,
            "self": 0.03787559999994983,
            "children": {
                "TrainerController._reset_env": {
                    "total": 9.6365435,
                    "count": 1,
                    "self": 9.6365435
                },
                "TrainerController.advance": {
                    "total": 16.29497660000005,
                    "count": 1052,
                    "self": 0.018078000000119943,
                    "children": {
                        "env_step": {
                            "total": 16.27689859999993,
                            "count": 1052,
                            "self": 12.775154399999915,
                            "children": {
                                "SubprocessEnvManager._take_step": {
                                    "total": 3.48602160000007,
                                    "count": 1052,
                                    "self": 0.07506380000010893,
                                    "children": {
                                        "TorchPolicy.evaluate": {
                                            "total": 3.410957799999961,
                                            "count": 1015,
                                            "self": 0.89886079999998,
                                            "children": {
                                                "TorchPolicy.sample_actions": {
                                                    "total": 2.512096999999981,
                                                    "count": 1015,
                                                    "self": 2.512096999999981
                                                }
                                            }
                                        }
                                    }
                                },
                                "workers": {
                                    "total": 0.01572259999994685,
                                    "count": 1051,
                                    "self": 0.0,
                                    "children": {
                                        "worker_root": {
                                            "total": 18.086587899999998,
                                            "count": 1051,
                                            "is_parallel": true,
                                            "self": 6.441898600000025,
                                            "children": {
                                                "steps_from_proto": {
                                                    "total": 0.0006596999999999298,
                                                    "count": 1,
                                                    "is_parallel": true,
                                                    "self": 0.00025519999999978893,
                                                    "children": {
                                                        "_process_vector_observation": {
                                                            "total": 0.00040450000000014086,
                                                            "count": 8,
                                                            "is_parallel": true,
                                                            "self": 0.00040450000000014086
                                                        }
                                                    }
                                                },
                                                "UnityEnvironment.step": {
                                                    "total": 11.644029599999973,
                                                    "count": 1051,
                                                    "is_parallel": true,
                                                    "self": 0.10279100000000874,
                                                    "children": {
                                                        "UnityEnvironment._generate_step_input": {
                                                            "total": 0.0780515999999789,
                                                            "count": 1051,
                                                            "is_parallel": true,
                                                            "self": 0.0780515999999789
                                                        },
                                                        "communicator.exchange": {
                                                            "total": 10.996253199999988,
                                                            "count": 1051,
                                                            "is_parallel": true,
                                                            "self": 10.996253199999988
                                                        },
                                                        "steps_from_proto": {
                                                            "total": 0.46693379999999785,
                                                            "count": 1051,
                                                            "is_parallel": true,
                                                            "self": 0.19449570000012528,
                                                            "children": {
                                                                "_process_vector_observation": {
                                                                    "total": 0.27243809999987256,
                                                                    "count": 8408,
                                                                    "is_parallel": true,
                                                                    "self": 0.27243809999987256
                                                                }
                                                            }
                                                        }
                                                    }
                                                }
                                            }
                                        }
                                    }
                                }
                            }
                        }
                    }
                },
                "trainer_threads": {
                    "total": 2.179999999896154e-05,
                    "count": 1,
                    "self": 2.179999999896154e-05,
                    "children": {
                        "thread_root": {
                            "total": 0.0,
                            "count": 0,
                            "is_parallel": true,
                            "self": 0.0,
                            "children": {
                                "trainer_advance": {
                                    "total": 16.2928095,